,Rec,GDP,Inflation,PCE,WasteGenerated
Rec,1.0,-0.12375114752043329,0.2968836170050638,-0.13995604399251804,-0.08797771799071624
GDP,-0.12375114752043329,1.0,-0.40360471875582493,0.9755884635751236,0.98070798531877
Inflation,0.2968836170050638,-0.40360471875582493,1.0,-0.3895173797925588,-0.43730874021190136
PCE,-0.13995604399251804,0.9755884635751236,-0.3895173797925588,1.0,0.9326742196027403
WasteGenerated,-0.08797771799071624,0.98070798531877,-0.43730874021190136,0.9326742196027403,1.0
